{"stats":{"minecraft:killed_by":{"minecraft:player":397,"minecraft:zombie":1},"minecraft:dropped":{"minecraft:water_bucket":14,"minecraft:netherite_pickaxe":7,"minecraft:respawn_anchor":512,"minecraft:lapis_lazuli":1,"minecraft:oak_log":250,"minecraft:ender_pearl":958,"minecraft:crafting_table":16,"minecraft:netherite_chestplate":10,"minecraft:netherite_helmet":9,"minecraft:creeper_spawn_egg":576,"minecraft:diamond_leggings":3,"minecraft:netherite_axe":6,"minecraft:crossbow":11,"minecraft:barrier":7,"minecraft:activator_rail":64,"minecraft:elytra":8,"minecraft:rail":448,"minecraft:golden_apple":256,"minecraft:item_frame":65,"minecraft:lava_bucket":13,"minecraft:cobweb":128,"minecraft:red_shulker_box":8,"minecraft:mace":8,"minecraft:packed_ice":128,"minecraft:tnt_minecart":2628,"minecraft:netherite_boots":11,"minecraft:snowball":292,"minecraft:diamond_helmet":1,"minecraft:wooden_sword":4,"minecraft:bone_meal":1,"minecraft:cactus":1,"minecraft:paper":2,"minecraft:string":64,"minecraft:bucket":16,"minecraft:end_crystal":544,"minecraft:netherite_sword":22,"minecraft:obsidian":512,"minecraft:experience_bottle":384,"minecraft:oak_planks":138,"minecraft:netherite_shovel":1,"minecraft:totem_of_undying":1764,"minecraft:shulker_box":1,"minecraft:suspicious_stew":164,"minecraft:netherite_leggings":26,"minecraft:flint_and_steel":12,"minecraft:wind_charge":128,"minecraft:filled_map":64,"minecraft:diamond_sword":8,"minecraft:tipped_arrow":640,"minecraft:shield":10,"minecraft:trident":11,"minecraft:gunpowder":2,"minecraft:diamond_chestplate":2,"minecraft:glowstone":704,"minecraft:diamond_boots":1,"minecraft:arrow":64,"minecraft:bow":11,"minecraft:powered_rail":342,"minecraft:chain_command_block":96,"minecraft:splash_potion":2018,"minecraft:light_blue_shulker_box":16,"minecraft:firework_rocket":1280,"minecraft:egg":350},"minecraft:crafted":{"minecraft:oak_planks":2700,"minecraft:oak_pressure_plate":32,"minecraft:oak_slab":6,"minecraft:crafting_table":16,"minecraft:air":0,"minecraft:blue_dye":1,"minecraft:white_dye":1,"minecraft:light_blue_dye":2,"minecraft:light_blue_shulker_box":1},"minecraft:killed":{"minecraft:wolf":19,"minecraft:parrot":3,"minecraft:zombie":2,"minecraft:player":301},"minecraft:used":{"minecraft:trident":20,"minecraft:netherite_sword":23471,"minecraft:heavy_core":3,"minecraft:flint_and_steel":510,"minecraft:smooth_quartz_slab":3,"minecraft:elytra":4212,"minecraft:ladder":5,"minecraft:oak_sign":8,"minecraft:chest":106,"minecraft:shield":884,"minecraft:ender_chest":5,"minecraft:stone":3,"minecraft:quartz_stairs":5,"minecraft:debug_stick":24,"minecraft:dirt":1,"minecraft:anvil":10,"minecraft:shulker_box":3,"minecraft:snowball":664,"minecraft:obsidian":5966,"minecraft:red_shulker_box":1,"minecraft:wooden_axe":2,"minecraft:sea_lantern":77,"minecraft:lava_bucket":155,"minecraft:quartz_pillar":255,"minecraft:quartz_slab":8,"minecraft:iron_block":1,"minecraft:grass_block":180,"minecraft:quartz_block":17,"minecraft:smooth_quartz":1,"minecraft:totem_of_undying":10196,"minecraft:barrel":6,"minecraft:stone_bricks":28,"minecraft:item_frame":41,"minecraft:bedrock":1,"minecraft:glowstone":2363,"minecraft:redstone_lamp":22,"minecraft:bow":7746,"minecraft:iron_trapdoor":7,"minecraft:wolf_spawn_egg":12,"minecraft:netherite_pickaxe":7,"minecraft:egg":35,"minecraft:stone_pressure_plate":2,"minecraft:cooked_beef":29,"minecraft:enchanted_golden_apple":72,"minecraft:quartz_bricks":210,"minecraft:water_bucket":55,"minecraft:light_blue_shulker_box":45,"minecraft:dark_oak_hanging_sign":3,"minecraft:powered_rail":4368,"minecraft:netherite_chestplate":4195,"minecraft:oak_planks":1886,"minecraft:ender_pearl":8539,"minecraft:redstone_block":58,"minecraft:diamond_axe":50,"minecraft:glow_ink_sac":3,"minecraft:smooth_quartz_stairs":249,"minecraft:glow_item_frame":4,"minecraft:golden_apple":1882,"minecraft:respawn_anchor":4838,"minecraft:rail":1469,"minecraft:oak_slab":40,"minecraft:crafting_table":6,"minecraft:crossbow":572,"minecraft:chiseled_quartz_block":23,"minecraft:stone_brick_wall":6,"minecraft:painting":4,"minecraft:sticky_piston":29,"minecraft:redstone_torch":1,"minecraft:oak_log":2603,"minecraft:netherite_block":49,"minecraft:lever":26,"minecraft:light":1,"minecraft:diamond_pickaxe":18,"minecraft:firework_rocket":4473,"minecraft:mace":1330,"minecraft:command_block":89,"minecraft:wind_charge":106,"minecraft:stone_button":37,"minecraft:string":5,"minecraft:barrier":26,"minecraft:netherite_axe":732,"minecraft:suspicious_stew":2,"minecraft:tnt_minecart":4601,"minecraft:oak_pressure_plate":2,"minecraft:diamond_sword":55355,"minecraft:wooden_sword":938,"minecraft:end_crystal":14733,"minecraft:smithing_table":6,"minecraft:chain_command_block":64,"minecraft:bucket":207,"minecraft:repeating_command_block":13,"minecraft:splash_potion":1759,"minecraft:cobweb":971},"minecraft:picked_up":{"minecraft:crafting_table":16,"minecraft:splash_potion":144,"minecraft:diamond_sword":5,"minecraft:shield":1,"minecraft:string":12,"minecraft:elytra":1,"minecraft:flint_and_steel":1,"minecraft:oak_sign":1,"minecraft:diamond_leggings":1,"minecraft:tnt_minecart":655,"minecraft:respawn_anchor":128,"minecraft:netherite_sword":3,"minecraft:chest":2,"minecraft:egg":3,"minecraft:tipped_arrow":193,"minecraft:copper_ingot":21,"minecraft:mace":2,"minecraft:stone_button":2,"minecraft:end_crystal":160,"minecraft:netherite_pickaxe":3,"minecraft:prismarine_crystals":2,"minecraft:gray_stained_glass_pane":13,"minecraft:arrow":64,"minecraft:cactus":1,"minecraft:red_shulker_box":3,"minecraft:diamond_boots":2,"minecraft:glowstone":256,"minecraft:totem_of_undying":138,"minecraft:netherite_chestplate":2,"minecraft:obsidian":128,"minecraft:rail":100,"minecraft:netherite_boots":6,"minecraft:barrier":1,"minecraft:water_bucket":1,"minecraft:oak_log":186,"minecraft:gunpowder":1,"minecraft:lapis_lazuli":1,"minecraft:netherite_leggings":4,"minecraft:paper":1,"minecraft:stone_bricks":1,"minecraft:bow":1,"minecraft:iron_ingot":17,"minecraft:netherite_axe":1,"minecraft:glowstone_dust":17,"minecraft:powered_rail":142,"minecraft:oak_planks":4,"minecraft:quartz":10,"minecraft:lava_bucket":2,"minecraft:amethyst_shard":64,"minecraft:light_blue_shulker_box":17,"minecraft:shulker_box":2,"minecraft:firework_rocket":128,"minecraft:netherite_helmet":2,"minecraft:lever":1,"minecraft:crossbow":2,"minecraft:bone_meal":1,"minecraft:golden_apple":128,"minecraft:emerald":45,"minecraft:ender_pearl":192,"minecraft:diamond_pickaxe":1},"minecraft:broken":{"minecraft:netherite_helmet":2,"minecraft:netherite_boots":1},"minecraft:mined":{"minecraft:sea_lantern":4,"minecraft:glowstone":3,"minecraft:fire":404,"minecraft:stone":5,"minecraft:light_blue_shulker_box":18,"minecraft:note_block":1,"minecraft:powered_rail":1,"minecraft:oak_log":1,"minecraft:cobweb":173,"minecraft:deepslate":1},"minecraft:custom":{"minecraft:interact_with_smithing_table":10,"minecraft:mob_kills":24,"minecraft:interact_with_anvil":29,"minecraft:interact_with_crafting_table":5,"minecraft:open_barrel":16,"minecraft:open_shulker_box":68,"minecraft:leave_game":699,"minecraft:time_since_death":40107,"minecraft:climb_one_cm":588,"minecraft:damage_resisted":10238659,"minecraft:sprint_one_cm":31142082,"minecraft:walk_one_cm":14071286,"minecraft:damage_blocked_by_shield":121859,"minecraft:drop":977,"minecraft:play_noteblock":4,"minecraft:play_time":12964129,"minecraft:deaths":498,"minecraft:sneak_time":40155,"minecraft:walk_under_water_one_cm":4029,"minecraft:jump":80443,"minecraft:walk_on_water_one_cm":18411,"minecraft:total_world_time":23190507,"minecraft:tune_noteblock":14,"minecraft:time_since_rest":40107,"minecraft:open_enderchest":31,"minecraft:damage_taken":1306254,"minecraft:damage_absorbed":824946,"minecraft:damage_dealt":117869,"minecraft:fly_one_cm":39137204,"minecraft:player_kills":291,"minecraft:open_chest":2771,"minecraft:crouch_one_cm":46954,"minecraft:aviate_one_cm":26555669,"minecraft:fall_one_cm":3820533}},"DataVersion":3955}