{"stats":{"minecraft:used":{"minecraft:quartz_bricks":135,"minecraft:netherite_sword":4893,"minecraft:pink_tulip":1,"minecraft:white_tulip":3,"minecraft:smooth_quartz_slab":1,"minecraft:redstone":15,"minecraft:dark_oak_sign":2,"minecraft:oak_sign":11,"minecraft:poppy":1,"minecraft:ender_pearl":2721,"minecraft:chest":1,"minecraft:ender_chest":11,"minecraft:redstone_block":26,"minecraft:white_shulker_box":1,"minecraft:diamond_axe":14,"minecraft:glow_ink_sac":1,"minecraft:player_head":34,"minecraft:smooth_quartz_stairs":1,"minecraft:golden_apple":160,"minecraft:respawn_anchor":395,"minecraft:diamond_block":5,"minecraft:dirt":4,"minecraft:anvil":7,"minecraft:comparator":2,"minecraft:allium":6,"minecraft:crossbow":25,"minecraft:netherite_helmet":1,"minecraft:chiseled_quartz_block":6,"minecraft:stone_brick_wall":5,"minecraft:azure_bluet":2,"minecraft:obsidian":3896,"minecraft:wooden_axe":2,"minecraft:sticky_piston":28,"minecraft:redstone_torch":6,"minecraft:netherite_block":16,"minecraft:flower_pot":8,"minecraft:lever":60,"minecraft:sea_lantern":35,"minecraft:quartz_pillar":266,"minecraft:command_block":112,"minecraft:iron_block":1,"minecraft:grass_block":36,"minecraft:blue_orchid":2,"minecraft:stone_button":71,"minecraft:barrier":56,"minecraft:netherite_axe":10,"minecraft:quartz_block":1,"minecraft:smooth_quartz":5,"minecraft:totem_of_undying":6202,"minecraft:stone_bricks":14,"minecraft:item_frame":185,"minecraft:repeater":7,"minecraft:wooden_sword":7,"minecraft:glowstone":230,"minecraft:diamond_sword":55273,"minecraft:redstone_lamp":20,"minecraft:lime_concrete":7,"minecraft:snow":2,"minecraft:end_crystal":7636,"minecraft:emerald_block":1,"minecraft:netherite_pickaxe":4,"minecraft:chain_command_block":331,"minecraft:glass_pane":1,"minecraft:repeating_command_block":30,"minecraft:stone_pressure_plate":3,"minecraft:observer":5},"minecraft:killed_by":{"minecraft:player":272},"minecraft:custom":{"minecraft:interact_with_anvil":34,"minecraft:mob_kills":10,"minecraft:open_shulker_box":1,"minecraft:pot_flower":15,"minecraft:leave_game":191,"minecraft:time_since_death":3089,"minecraft:damage_resisted":2336407,"minecraft:time_since_rest":3090,"minecraft:walk_one_cm":11318439,"minecraft:sprint_one_cm":13401742,"minecraft:open_enderchest":59,"minecraft:damage_taken":941548,"minecraft:damage_absorbed":489325,"minecraft:drop":156,"minecraft:damage_dealt":11640,"minecraft:fly_one_cm":23184332,"minecraft:player_kills":10,"minecraft:crouch_one_cm":19888,"minecraft:play_time":4844048,"minecraft:deaths":324,"minecraft:sneak_time":41747,"minecraft:jump":47741,"minecraft:total_world_time":8341415,"minecraft:fall_one_cm":493980},"minecraft:broken":{"minecraft:diamond_sword":1},"minecraft:killed":{"minecraft:parrot":2,"minecraft:zombified_piglin":5,"minecraft:skeleton":1,"minecraft:chicken":2,"minecraft:player":19},"minecraft:dropped":{"minecraft:netherite_pickaxe":1,"minecraft:respawn_anchor":64,"minecraft:dark_oak_sign":16,"minecraft:ender_pearl":35,"minecraft:netherite_sword":1,"minecraft:obsidian":64,"minecraft:netherite_helmet":2,"minecraft:netherite_chestplate":2,"minecraft:crossbow":1,"minecraft:totem_of_undying":100,"minecraft:golden_apple":64,"minecraft:netherite_leggings":2,"minecraft:item_frame":1,"minecraft:filled_map":3,"minecraft:diamond_sword":10,"minecraft:tipped_arrow":64,"minecraft:bundle":2,"minecraft:glowstone":64,"minecraft:netherite_boots":3,"minecraft:wooden_sword":1,"minecraft:end_crystal":64},"minecraft:mined":{"minecraft:potted_blue_orchid":1,"minecraft:stone_button":1,"minecraft:grass_block":1,"minecraft:glowstone":2,"minecraft:respawn_anchor":4},"minecraft:picked_up":{"minecraft:netherite_boots":1,"minecraft:feather":2,"minecraft:diamond_sword":11,"minecraft:filled_map":14,"minecraft:netherite_leggings":1,"minecraft:dirt":1,"minecraft:wooden_sword":1,"minecraft:item_frame":15,"minecraft:gold_nugget":4,"minecraft:netherite_sword":1,"minecraft:comparator":1,"minecraft:tipped_arrow":64,"minecraft:stone_button":3,"minecraft:end_crystal":64,"minecraft:bundle":2,"minecraft:rotten_flesh":2,"minecraft:netherite_helmet":1,"minecraft:crossbow":1,"minecraft:netherite_chestplate":1,"minecraft:obsidian":64,"minecraft:ender_pearl":16}},"DataVersion":3955}