{"stats":{"minecraft:custom":{"minecraft:time_since_rest":44944,"minecraft:damage_taken":530,"minecraft:damage_absorbed":80,"minecraft:leave_game":19,"minecraft:play_time":65720,"minecraft:time_since_death":44944,"minecraft:walk_one_cm":68764,"minecraft:deaths":2,"minecraft:damage_blocked_by_shield":1428,"minecraft:total_world_time":104166,"minecraft:damage_resisted":17975,"minecraft:fall_one_cm":2241,"minecraft:fly_one_cm":17342},"minecraft:picked_up":{"minecraft:shield":1},"minecraft:used":{"minecraft:shield":19,"minecraft:bow":11,"minecraft:totem_of_undying":1},"minecraft:killed_by":{"minecraft:player":2}},"DataVersion":3955}