{"stats":{"minecraft:dropped":{"minecraft:crossbow":1},"minecraft:killed_by":{"minecraft:player":31},"minecraft:killed":{"minecraft:player":337},"minecraft:used":{"minecraft:netherite_sword":13522,"minecraft:sea_lantern":3,"minecraft:netherite_axe":319,"minecraft:ender_pearl":5288,"minecraft:shield":1535,"minecraft:structure_void":3,"minecraft:totem_of_undying":15521,"minecraft:diamond_axe":23,"minecraft:diamond_sword":31469,"minecraft:wooden_sword":1,"minecraft:end_crystal":8,"minecraft:obsidian":5},"minecraft:picked_up":{"minecraft:splash_potion":134,"minecraft:diamond_sword":1,"minecraft:lava_bucket":1,"minecraft:light_blue_shulker_box":2,"minecraft:oak_log":9,"minecraft:stone_button":3,"minecraft:prismarine_crystals":2,"minecraft:string":200,"minecraft:netherite_leggings":2,"minecraft:elytra":1,"minecraft:tnt_minecart":95,"minecraft:netherite_sword":1,"minecraft:glowstone_dust":4,"minecraft:powered_rail":309,"minecraft:rail":455},"minecraft:mined":{"minecraft:fire":28},"minecraft:custom":{"minecraft:time_since_rest":382830,"minecraft:sprint_one_cm":15149163,"minecraft:walk_one_cm":2649979,"minecraft:damage_taken":1591994,"minecraft:damage_absorbed":1172629,"minecraft:damage_blocked_by_shield":203424,"minecraft:drop":1,"minecraft:damage_dealt":194050,"minecraft:swim_one_cm":3054,"minecraft:fly_one_cm":11586478,"minecraft:player_kills":367,"minecraft:crouch_one_cm":6042,"minecraft:play_time":6618259,"minecraft:deaths":40,"minecraft:sneak_time":1592,"minecraft:walk_under_water_one_cm":110,"minecraft:jump":34595,"minecraft:leave_game":469,"minecraft:walk_on_water_one_cm":1425,"minecraft:time_since_death":382830,"minecraft:total_world_time":13323222,"minecraft:damage_resisted":3608201,"minecraft:fall_one_cm":703261}},"DataVersion":3955}